{"cameraMode":{"drawMode":0,"name":"Shaded","section":"Shading Mode"},"sceneLighting":false,"audioPlay":false,"sceneViewState":{"m_AlwaysRefresh":false,"showFog":true,"showSkybox":false,"showFlares":true,"showImageEffects":true,"showParticleSystems":true,"showVisualEffectGraphs":true,"m_FxEnabled":true},"in2DMode":false,"pivot":{"x":0.046236515045166019,"y":-0.003400564193725586,"z":0.2104794979095459},"rotation":{"x":0.020987048745155336,"y":-0.03298642113804817,"z":0.0006928191287443042,"w":0.9992357492446899},"size":5.6024675369262699,"orthographic":false}