{"cameraMode":{"drawMode":0,"name":"Shaded","section":"Shading Mode"},"sceneLighting":false,"audioPlay":false,"sceneViewState":{"m_AlwaysRefresh":false,"showFog":true,"showSkybox":false,"showFlares":true,"showImageEffects":true,"showParticleSystems":true,"showVisualEffectGraphs":true,"m_FxEnabled":true},"in2DMode":false,"pivot":{"x":-18.533849716186525,"y":5.173642158508301,"z":11.090145111083985},"rotation":{"x":0.07492518424987793,"y":0.011070379987359047,"z":-0.000831838056910783,"w":0.9971275329589844},"size":39.648746490478519,"orthographic":false}